{"cameraMode":{"drawMode":0,"name":"Shaded","section":"Shading Mode"},"sceneLighting":true,"audioPlay":false,"sceneViewState":{"m_AlwaysRefresh":false,"showFog":false,"showSkybox":true,"showFlares":true,"showImageEffects":true,"showParticleSystems":true,"showVisualEffectGraphs":true,"m_FxEnabled":true},"in2DMode":false,"pivot":{"x":1.469285488128662,"y":4.245144367218018,"z":5.863827705383301},"rotation":{"x":0.11197344213724137,"y":0.00506358128041029,"z":-0.000570897595025599,"w":0.9937065839767456},"size":0.9864462614059448,"orthographic":false}