{"cameraMode":{"drawMode":0,"name":"Shaded","section":"Shading Mode"},"sceneLighting":true,"audioPlay":false,"sceneViewState":{"m_AlwaysRefresh":false,"showFog":false,"showSkybox":true,"showFlares":true,"showImageEffects":true,"showParticleSystems":true,"showVisualEffectGraphs":true,"m_FxEnabled":true},"in2DMode":false,"pivot":{"x":1.4400464296340943,"y":3.315430164337158,"z":5.812583923339844},"rotation":{"x":0.04443013668060303,"y":-0.10858169198036194,"z":0.004860210232436657,"w":0.9930931329727173},"size":4.604086399078369,"orthographic":false}